Built,n,prop
3.3.1,9,0.03557312252964427
3.3.2,20,0.07905138339920949
3.3.3,138,0.5454545454545454
3.4.1,8,0.03162055335968379
3.4.3,14,0.05533596837944664
3.4.4,64,0.25296442687747034
